DCOL-1 - Condenser_Specification_Value,DCOL-1 - Reboiler_Specification_Value,Distillate - Molar Fraction (Overall Liquid) / Benzene (),Bottoms - Molar Fraction (Overall Liquid) / Toluene (),E1 - Energy Flow (kW),E2 - Energy Flow (kW)
1.2,1,0.546505,0.999809,770.004,884.623
1.2,1.5,0.573153,0.999753,732.024,847.19
1.2,2,0.602525,0.999674,693.931,809.684
1.2,2.5,0.635054,0.999558,655.708,772.093
1.2,3,0.671267,0.99938,617.336,734.404
1.36522,1,0.546507,0.999827,827.83,942.449
1.36522,1.5,0.573157,0.999779,786.998,902.164
1.36522,2,0.602532,0.999712,746.043,861.797
1.36522,2.5,0.635069,0.999615,704.949,821.336
1.36522,3,0.671298,0.99947,663.694,780.764
1.53043,1,0.546508,0.999842,885.657,1000.28
1.53043,1.5,0.57316,0.9998,841.972,957.138
1.53043,2,0.602539,0.999743,798.156,913.91
1.53043,2.5,0.635081,0.999661,754.191,870.578
1.53043,3,0.671322,0.99954,710.053,827.124
1.69565,1,0.546509,0.999854,943.483,1058.1
1.69565,1.5,0.573163,0.999818,896.946,1012.11
1.69565,2,0.602544,0.999768,850.269,966.023
1.69565,2.5,0.635091,0.999698,803.433,919.82
1.69565,3,0.671341,0.999596,756.412,873.483
1.86087,1,0.54651,0.999865,1001.31,1115.93
1.86087,1.5,0.573165,0.999833,951.919,1067.09
1.86087,2,0.602548,0.999789,902.382,1018.14
1.86087,2.5,0.6351,0.999729,852.674,969.062
1.86087,3,0.671357,0.999642,802.771,919.843
2.02609,1,0.546511,0.999875,1059.14,1173.75
2.02609,1.5,0.573167,0.999846,1006.89,1122.06
2.02609,2,0.602552,0.999808,954.495,1070.25
2.02609,2.5,0.635107,0.999755,901.916,1018.3
2.02609,3,0.671369,0.999679,849.13,966.203
2.1913,1,0.546512,0.999883,1116.96,1231.58
2.1913,1.5,0.573168,0.999857,1061.87,1177.03
2.1913,2,0.602555,0.999823,1006.61,1122.36
2.1913,2.5,0.635113,0.999776,951.158,1067.55
2.1913,3,0.67138,0.99971,895.489,1012.56
2.35652,1,0.546513,0.99989,1174.79,1289.41
2.35652,1.5,0.57317,0.999867,1116.84,1232.01
2.35652,2,0.602558,0.999836,1058.72,1174.48
2.35652,2.5,0.635118,0.999795,1000.4,1116.79
2.35652,3,0.671389,0.999737,941.849,1058.92
2.52174,1,0.546513,0.999897,1232.61,1347.23
2.52174,1.5,0.573171,0.999876,1171.82,1286.98
2.52174,2,0.60256,0.999848,1110.83,1226.59
2.52174,2.5,0.635122,0.999811,1049.64,1166.03
2.52174,3,0.671397,0.999759,988.208,1105.28
2.68696,1,0.546514,0.999902,1290.44,1405.06
2.68696,1.5,0.573172,0.999883,1226.79,1341.96
2.68696,2,0.602562,0.999858,1162.95,1278.7
2.68696,2.5,0.635126,0.999825,1098.88,1215.27
2.68696,3,0.671403,0.999778,1034.57,1151.64
2.85217,1,0.546514,0.999908,1348.27,1462.89
2.85217,1.5,0.573173,0.99989,1281.76,1396.93
2.85217,2,0.602564,0.999867,1215.06,1330.81
2.85217,2.5,0.635129,0.999837,1148.13,1264.51
2.85217,3,0.671409,0.999795,1080.93,1198
3.01739,1,0.546515,0.999912,1406.09,1520.71
3.01739,1.5,0.573174,0.999896,1336.74,1451.9
3.01739,2,0.602566,0.999875,1267.17,1382.93
3.01739,2.5,0.635132,0.999847,1197.37,1313.76
3.01739,3,0.671414,0.99981,1127.29,1244.36
3.18261,1,0.546515,0.999917,1463.92,1578.54
3.18261,1.5,0.573175,0.999902,1391.71,1506.88
3.18261,2,0.602567,0.999882,1319.28,1435.04
3.18261,2.5,0.635134,0.999857,1246.61,1363
3.18261,3,0.671419,0.999823,1173.65,1290.72
3.34783,1,0.546515,0.999921,1521.75,1636.36
3.34783,1.5,0.573176,0.999907,1446.68,1561.85
3.34783,2,0.602569,0.999889,1371.4,1487.15
3.34783,2.5,0.635137,0.999865,1295.85,1412.24
3.34783,3,0.671422,0.999834,1220.01,1337.08
3.51304,1,0.546516,0.999924,1579.57,1694.19
3.51304,1.5,0.573176,0.999911,1501.66,1616.83
3.51304,2,0.60257,0.999895,1423.51,1539.27
3.51304,2.5,0.635139,0.999873,1345.09,1461.48
3.51304,3,0.671426,0.999844,1266.37,1383.44
3.67826,1,0.546516,0.999927,1637.4,1752.02
3.67826,1.5,0.573177,0.999915,1556.63,1671.8
3.67826,2,0.602571,0.9999,1475.62,1591.38
3.67826,2.5,0.635141,0.99988,1394.34,1510.73
3.67826,3,0.671429,0.999853,1312.73,1429.8
3.84348,1,0.546516,0.99993,1695.22,1809.84
3.84348,1.5,0.573177,0.999919,1611.61,1726.77
3.84348,2,0.602572,0.999905,1527.74,1643.49
3.84348,2.5,0.635142,0.999886,1443.58,1559.97
3.84348,3,0.671432,0.999861,1359.08,1476.16
4.0087,1,0.546517,0.999933,1753.05,1867.67
4.0087,1.5,0.573178,0.999922,1666.58,1781.75
4.0087,2,0.602573,0.999909,1579.85,1695.6
4.0087,2.5,0.635144,0.999892,1492.82,1609.21
4.0087,3,0.671434,0.999869,1405.44,1522.52
4.17391,1,0.546517,0.999936,1810.88,1925.5
4.17391,1.5,0.573178,0.999926,1721.55,1836.72
4.17391,2,0.602574,0.999913,1631.96,1747.72
4.17391,2.5,0.635145,0.999897,1542.06,1658.45
4.17391,3,0.671437,0.999876,1451.8,1568.88
4.33913,1,0.546517,0.999938,1868.7,1983.32
4.33913,1.5,0.573179,0.999929,1776.53,1891.69
4.33913,2,0.602574,0.999917,1684.08,1799.83
4.33913,2.5,0.635146,0.999901,1591.3,1707.69
4.33913,3,0.671439,0.999882,1498.16,1615.24
4.50435,1,0.546517,0.99994,1926.53,2041.15
4.50435,1.5,0.573179,0.999931,1831.5,1946.67
4.50435,2,0.602575,0.99992,1736.19,1851.94
4.50435,2.5,0.635148,0.999906,1640.55,1756.94
4.50435,3,0.671441,0.999887,1544.52,1661.6
4.66957,1,0.546517,0.999942,1984.36,2098.98
4.66957,1.5,0.57318,0.999934,1886.48,2001.64
4.66957,2,0.602576,0.999923,1788.3,1904.06
4.66957,2.5,0.635149,0.99991,1689.79,1806.18
4.66957,3,0.671442,0.999892,1590.88,1707.96
4.83478,1,0.546518,0.999944,2042.18,2156.8
4.83478,1.5,0.57318,0.999936,1941.45,2056.62
4.83478,2,0.602576,0.999926,1840.41,1956.17
4.83478,2.5,0.63515,0.999913,1739.03,1855.42
4.83478,3,0.671444,0.999897,1637.24,1754.32
5,1,0.546518,0.999946,2100.01,2214.63
5,1.5,0.57318,0.999938,1996.42,2111.59
5,2,0.602577,0.999929,1892.53,2008.28
5,2.5,0.635151,0.999917,1788.27,1904.66
5,3,0.671446,0.999901,1683.6,1800.68
